xmin,ymin,xmax,ymax,text,object,below_object,below_dist,below_obj_index,side_object,side_length,side_obj_index,revised_distances_vert,revised_distances_hori
0.0,865.5053221583365,1078.5349954366684,900.7653698325156,"Palestine Technical University ""Kadoorie ",o,,144.42148157954227,2,,0.0,-1,144.42148157954227,0.0
765.6943925023079,1015.2650661468504,834.9869514703751,1039.971709728241,Name ,o,,36.75498551130295,3,,193.62959727644932,2,36.75498551130295,193.62959727644932
875.1838492155075,1015.9816329479218,1112.756689310074,1039.132022202015,ADAM KHALEL DAWOOD ,o,,33.70515206456162,4,,0.0,-1,33.70515206456162,0.0
765.6396772265433,1050.1930292844772,833.1840091943741,1078.55371761322,Major ,o,,27.614578127861023,5,,176.10192838311195,4,27.614578127861023,176.10192838311195
874.2736039161682,1049.1452140808103,1076.7539392709732,1073.3787451982496,Electrical Engineering ,o,,37.583629101515044,6,,0.0,-1,37.583629101515044,0.0
764.0469204783438,1080.458430767059,835.1291126012802,1103.5174723863602,10 No. ,o,,35.80235022306442,7,,177.55607309937477,6,35.80235022306442,177.55607309937477
908.7660151720048,1084.6869692206385,1045.522164106369,1113.0042482614515,406194399 ,o,,34.867447942495346,8,,0.0,-1,34.867447942495346,0.0
594.6835726499557,1110.0348578691485,875.4426376819611,1145.5457457304,201810019 Issue Date ,o,,0.0,-1,,241.03567624092102,8,0.0,241.03567624092102
907.7825204133989,1119.0807124376297,1044.41504240036,1148.345400929451,2018/08/14,o,,0.0,-1,,0.0,-1,0.0,0.0
